code;libelle;type;source;documentMaitre;reprises;typesMarche;condition;obligatoire;texteType;controle;options;cleCadrage;clePpm;actif
B02-OE-01;Numéro de l'appel d'offres, de la consultation ou du contrat-cadre;TEXTE;SAISIE;DPAC;AE;CONTRAT_CADRE;;oui;;;;;;oui
B02-SG-01;Personne responsable des marchés passés sur la base du contrat-cadre;TEXTE;SAISIE;AE;;CONTRAT_CADRE;;oui;;;;;;oui
B02-SG-02;Délégation de la personne responsable (décision et date);TEXTE;SAISIE;AE;;CONTRAT_CADRE;;non;;;;;;oui
B02-SG-03;Nature, numéro et date de l'acte de nomination;TEXTE;SAISIE;AE;;CONTRAT_CADRE;;non;;;;;;non
B02-PC-01;Référence de l'article du code des marchés publics de la procédure choisie;TEXTE;SAISIE;DPAC;;CONTRAT_CADRE;;oui;;;;;;oui
B02-PC-02;Rythme de passation des marchés subséquents;LISTE;SAISIE;DPAC;AE;CONTRAT_CADRE;;oui;;;Au fur et à mesure des besoins,Selon le calendrier fixé ci-après;;;oui
B02-PC-03;Calendrier de remise en concurrence des titulaires;TEXTE_LONG;SAISIE;DPAC;AE;CONTRAT_CADRE;;non;;;;;;oui
B02-DC-01;Durée maximale du contrat-cadre (mois);NOMBRE;SAISIE;AE;DPAC;CONTRAT_CADRE;;oui;;;;;;oui
B02-DC-02;Durée de validité du contrat-cadre (mois);NOMBRE;SAISIE;AE;DPAC;CONTRAT_CADRE;;oui;;;;;;oui
B02-DC-03;Contrat-cadre reconductible;OUI_NON;SAISIE;AE;;CONTRAT_CADRE;;oui;;;;;;oui
B02-DC-04;Conditions de reconduction de la période de validité;TEXTE_LONG;SAISIE;AE;;CONTRAT_CADRE;;non;;;;;;oui
B02-AL-02;Numéro et désignation des lots;TEXTE_LONG;SAISIE;DPAC;AE;CONTRAT_CADRE;alloti = OUI;oui;;;;;;oui
B02-AL-03;Contrat-cadre mono ou multi-attributaire;LISTE;CADRAGE;AE;DPAC;CONTRAT_CADRE;;non;;;;attributaires;;oui
B03-TI-01;Dénomination sociale du titulaire;TEXTE;SAISIE;AE;;CONTRAT_CADRE;;oui;;;;;;oui
B03-TI-02;Siège social du titulaire;TEXTE;SAISIE;AE;;CONTRAT_CADRE;;oui;;;;;;oui
B03-TI-03;Numéro d'identification fiscale (NIF) du titulaire;TEXTE;SAISIE;AE;;CONTRAT_CADRE;;oui;;;;;;oui
B03-TI-04;Nom du représentant du titulaire;TEXTE;SAISIE;AE;;CONTRAT_CADRE;;oui;;;;;;oui
B03-TI-05;Qualité du représentant du titulaire;LISTE;SAISIE;AE;;CONTRAT_CADRE;;oui;;;Représentant légal de l'entreprise,Ayant reçu pouvoir du représentant légal;;;oui
B03-GC-02;Dénomination sociale du membre du groupement;TEXTE;SAISIE;AE;;CONTRAT_CADRE;groupement = OUI;oui;;;;;;oui
B03-GC-03;Siège social du membre du groupement;TEXTE;SAISIE;AE;;CONTRAT_CADRE;groupement = OUI;oui;;;;;;oui
B03-GC-04;Numéro d'identification fiscale (NIF) du membre du groupement;TEXTE;SAISIE;AE;;CONTRAT_CADRE;groupement = OUI;oui;;;;;;oui
B03-GC-05;Nom du représentant du membre du groupement;TEXTE;SAISIE;AE;;CONTRAT_CADRE;groupement = OUI;oui;;;;;;oui
B03-GC-06;Qualité du représentant du membre du groupement;LISTE;SAISIE;AE;;CONTRAT_CADRE;groupement = OUI;oui;;;Représentant légal de l'entreprise,Ayant reçu pouvoir du représentant légal;;;oui
B03-SS-01;Désignation des sous-traitants des marchés subséquents;TEXTE_LONG;SAISIE;AE;;CONTRAT_CADRE;;non;;;;;;oui
B03-SS-02;Modalités de paiement direct des sous-traitants;TEXTE_LONG;SAISIE;AE;;CONTRAT_CADRE;;non;;;;;;oui
B04-DS-01;Contenu du dossier de consultation;TEXTE_LONG;SAISIE;DPAC;;CONTRAT_CADRE;;oui;;;;;;oui
B04-DS-02;Langue du dossier de consultation et des offres;TEXTE;SAISIE;DPAC;;CONTRAT_CADRE;;oui;;;;;;oui
B04-DS-03;Modalités d'acquisition du dossier de consultation;TEXTE_LONG;SAISIE;DPAC;;CONTRAT_CADRE;;oui;;;;;;oui
B04-DS-04;Adresse de retrait du dossier de consultation;TEXTE_LONG;SAISIE;DPAC;;CONTRAT_CADRE;;oui;;;;;;oui
B04-DS-05;Montant à payer pour le dossier de consultation (Ariary);MONTANT;SAISIE;DPAC;;CONTRAT_CADRE;;non;;MONTANT_POSITIF;;;;oui
B04-DS-06;Modification du dossier de consultation;TEXTE_LONG;SAISIE;DPAC;;CONTRAT_CADRE;;non;;;;;;oui
B04-PO-01;Pièces constitutives de la candidature (capacités technique et professionnelle);TEXTE_LONG;SAISIE;DPAC;;CONTRAT_CADRE;;oui;;;;;;oui
B04-PO-02;Pièces constitutives de l'offre;TEXTE_LONG;SAISIE;DPAC;;CONTRAT_CADRE;;oui;;;;;;oui
B04-RQ-01;Modalités de remise des offres sous support papier;TEXTE_LONG;SAISIE;DPAC;;CONTRAT_CADRE;;oui;;;;;;oui
B04-RQ-02;Objet du contrat-cadre à porter sur le pli;TEXTE_LONG;SAISIE;DPAC;;CONTRAT_CADRE;;oui;;;;;;oui
B04-RQ-03;Adresse exacte de remise des offres;TEXTE_LONG;SAISIE;DPAC;;CONTRAT_CADRE;;oui;;;;;;oui
B04-RQ-04;Transmission électronique des offres admise;OUI_NON;SAISIE;DPAC;;CONTRAT_CADRE;;oui;;;;;;oui
B04-RQ-05;Modalités d'envoi des dossiers par voie électronique;TEXTE_LONG;SAISIE;DPAC;;CONTRAT_CADRE;;non;;;;;;oui
B04-RC-01;Adresse à laquelle adresser les demandes d'informations;TEXTE_LONG;SAISIE;DPAC;;CONTRAT_CADRE;;oui;;;;;;oui
B04-RC-02;Délai de réponse aux demandes d'informations (jours);NOMBRE;SAISIE;DPAC;;CONTRAT_CADRE;;oui;;;;;;oui
B04-CP-01;Date de lancement de la mise en concurrence;DATE;SAISIE;DPAC;;CONTRAT_CADRE;;oui;;DATES_ORDRE:LANCEMENT;;;;oui
B04-CP-02;Date et heure limites de remise des offres;DATE;SAISIE;DPAC;;CONTRAT_CADRE;;oui;;DATES_ORDRE:REMISE;;;;oui
B04-CP-03;Date de début de la séance d'évaluation des offres et candidatures;DATE;SAISIE;DPAC;;CONTRAT_CADRE;;oui;;DATES_ORDRE:OUVERTURE;;;;oui
B04-CP-04;Date d'attribution du contrat-cadre;DATE;SAISIE;DPAC;;CONTRAT_CADRE;;oui;;DATES_ORDRE:ATTRIBUTION;;;;oui
B04-CP-05;Date de notification du contrat-cadre au(x) titulaire(s);DATE;SAISIE;DPAC;;CONTRAT_CADRE;;non;;DATES_ORDRE:NOTIFICATION;;;;oui
B05-UM-01;Monnaie en devise (appel d'offres international);TEXTE;SAISIE;DPAC;AE;CONTRAT_CADRE;;non;;;;;;oui
B05-MT-01;Montant indicatif du contrat-cadre hors taxes (Ariary);MONTANT;SAISIE;AE;DPAC;CONTRAT_CADRE;;oui;;MONTANT_POSITIF;;;;oui
B05-MT-02;Montant indicatif du contrat-cadre toutes taxes comprises (Ariary);MONTANT;SAISIE;AE;DPAC;CONTRAT_CADRE;;oui;;MONTANT_POSITIF;;;;oui
B05-PM-01;Forme de prix des marchés subséquents (mono-attributaire);LISTE;SAISIE;AE;DPAC;CONTRAT_CADRE;attributaires = MONO;oui;;;Prix unitaires,Prix forfaitaires,Prix mixtes;;;oui
B05-PM-02;Le prix est un critère d'attribution du contrat-cadre (multi-attributaire);OUI_NON;SAISIE;AE;DPAC;CONTRAT_CADRE;attributaires = MULTI;oui;;;;;;oui
B05-PM-03;Contenu des prix;TEXTE_LONG;SAISIE;AE;;CONTRAT_CADRE;;oui;;;;;;oui
B06-SC-01;Modalités d'ouverture des plis par le représentant de l'autorité contractante;TEXTE_LONG;SAISIE;DPAC;;CONTRAT_CADRE;;oui;;;;;;oui
B06-SC-02;Critères d'élimination des candidatures;TEXTE_LONG;SAISIE;DPAC;;CONTRAT_CADRE;;oui;;;;;;oui
B06-SO-01;Rejet des offres hors délais et ouverture des offres;TEXTE_LONG;SAISIE;DPAC;;CONTRAT_CADRE;;non;;;;;;oui
B06-SO-02;Analyse des offres;TEXTE_LONG;SAISIE;DPAC;;CONTRAT_CADRE;;non;;;;;;oui
B06-SO-03;Rejet des offres non recevables;TEXTE_LONG;SAISIE;DPAC;;CONTRAT_CADRE;;non;;;;;;oui
B06-SO-04;Comparaison des offres pour la sélection de l'offre économiquement la plus avantageuse;TEXTE_LONG;SAISIE;DPAC;;CONTRAT_CADRE;;oui;;;;;;oui
B06-SO-05;Critères et mécanisme de jugement des offres;TEXTE_LONG;SAISIE;DPAC;;CONTRAT_CADRE;;oui;;;;;;oui
B06-CA-01;Critères d'attribution du contrat-cadre et modalités d'appréciation;TEXTE_LONG;SAISIE;DPAC;;CONTRAT_CADRE;;oui;;;;;;oui
B06-NO-01;Date de réception portée sur l'accusé de réception;DATE;SAISIE;AE;;CONTRAT_CADRE;;non;;;;;;oui
B06-NO-02;Date de remise en main propre au titulaire;DATE;SAISIE;AE;;CONTRAT_CADRE;;non;;;;;;oui
B07-PS-01;Fait générateur de la passation des marchés subséquents;LISTE;SAISIE;AE;DPAC;CONTRAT_CADRE;;oui;;;Lors de la survenance du besoin,Selon le calendrier fixé à l'article premier du contrat-cadre;;;oui
B07-PS-02;Adresse d'envoi des demandes aux titulaires;TEXTE_LONG;SAISIE;AE;;CONTRAT_CADRE;;oui;;;;;;oui
B07-PS-03;Délai de réponse des titulaires (heures);NOMBRE;SAISIE;AE;;CONTRAT_CADRE;;oui;;;;;;oui
B07-FS-01;Forme des marchés subséquents;LISTE;SAISIE;AE;DPAC;CONTRAT_CADRE;;oui;;;Marchés uniques non fractionnés,Marchés fractionnés par bons de commande successifs;;;oui
B07-FS-02;Interlocuteur du titulaire (service, direction, coordonnées);TEXTE_LONG;SAISIE;AE;;CONTRAT_CADRE;;oui;;;;;;oui
B07-MA-01;Délai de complétude de l'offre initiale (mono-attributaire);NOMBRE;SAISIE;AE;;CONTRAT_CADRE;attributaires = MONO;oui;;;;;;oui
B07-MA-02;Point de départ du délai de complétude;LISTE;SAISIE;AE;;CONTRAT_CADRE;attributaires = MONO;oui;;;À compter de la notification de la demande de complétude,Lors de la demande de complétude;;;oui
B07-MA-03;Attribution des marchés subséquents après remise en concurrence (non alloti);TEXTE_LONG;SAISIE;AE;;CONTRAT_CADRE;attributaires = MULTI;oui;;;;;;oui
B07-MA-04;Modalités d'attribution des marchés subséquents en cas d'allotissement;LISTE;SAISIE;AE;;CONTRAT_CADRE;attributaires = MULTI;non;;;Option 1,Option 2;;;oui
B07-MA-05;Modalités d'attribution lorsque le contrat-cadre est à la fois alloti et non alloti;LISTE;SAISIE;AE;;CONTRAT_CADRE;attributaires = MULTI;non;;;Option 1,Option 2;;;oui
B07-TN-01;Termes non couverts par le contrat-cadre (mono-attributaire);TEXTE_LONG;SAISIE;AE;;CONTRAT_CADRE;attributaires = MONO;non;;;;;;oui
B07-TN-02;Termes non couverts par le contrat-cadre (multi-attributaire);TEXTE_LONG;SAISIE;AE;;CONTRAT_CADRE;attributaires = MULTI;non;;;;;;oui
B07-PI-01;Pièces contractuelles du contrat-cadre et des marchés subséquents;TEXTE_LONG;SAISIE;AE;;CONTRAT_CADRE;;oui;;;;;;oui
B07-DU-01;Entrée en vigueur du contrat-cadre;TEXTE_LONG;SAISIE;AE;;CONTRAT_CADRE;;oui;;;;;;oui
B07-DU-02;Durée des marchés subséquents fixée dans le contrat-cadre;OUI_NON;SAISIE;AE;;CONTRAT_CADRE;;oui;;;;;;oui
B07-DU-03;Durée des marchés subséquents (mois);NOMBRE;SAISIE;AE;;CONTRAT_CADRE;;non;;;;;;oui
B07-DU-04;Nombre de reconductions du contrat-cadre;NOMBRE;SAISIE;AE;;CONTRAT_CADRE;;non;;;;;;oui
B07-DU-05;Nombre d'années maximum du contrat-cadre, reconductions comprises;NOMBRE;SAISIE;AE;;CONTRAT_CADRE;;non;;;;;;oui
B07-DU-06;Durée totale du contrat-cadre, reconduit ou non (mois);NOMBRE;SAISIE;AE;;CONTRAT_CADRE;;oui;;;;;;oui
B07-DE-01;Délais d'exécution des marchés subséquents uniques ou non fractionnés;LISTE;SAISIE;AE;;CONTRAT_CADRE;;oui;;;Fixés par l'autorité contractante,À l'initiative des candidats,Fixés dans les marchés subséquents;;;oui
B07-DE-02;Délai d'exécution fixé par l'autorité contractante;TEXTE_LONG;SAISIE;AE;;CONTRAT_CADRE;;non;;;;;;oui
B07-DE-03;Délai d'exécution à l'initiative des candidats;TEXTE_LONG;SAISIE;AE;;CONTRAT_CADRE;;non;;;;;;oui
B07-DE-04;Délais d'exécution des marchés fractionnés par bons de commande;TEXTE_LONG;SAISIE;AE;;CONTRAT_CADRE;;non;;;;;;oui
B07-PE-01;Pénalités de retard des marchés subséquents;LISTE;SAISIE;AE;;CONTRAT_CADRE;;oui;;PENALITES_PLAFOND_15:TAUX;Non applicables,Fixées dans le contrat-cadre,Fixées dans les marchés subséquents;;;oui
B07-PE-02;Régime des pénalités fixées dans le contrat-cadre;LISTE;SAISIE;AE;;CONTRAT_CADRE;;non;;;Conformément à l'article 12 du CCAG,Dérogation au CCAG;;;oui
B07-PE-03;Pénalités dérogeant au CCAG : rédaction libre;TEXTE_LONG;SAISIE;AE;;CONTRAT_CADRE;;non;;PENALITES_PLAFOND_15:DEROGATION;;;;oui
B08-FI-02;Modalités de versement de l'avance (délai de paiement en jours calendaires);NOMBRE;SAISIE;AE;;CONTRAT_CADRE;avance = OUI;oui;;;;;;oui
B08-FI-03;Montant de l'avance (% du montant TTC du marché subséquent, maximum 20 %);POURCENTAGE;SAISIE;AE;;CONTRAT_CADRE;avance = OUI;oui;;AVANCE_SUP_5_GARANTIE:TAUX;;;;oui
B08-FI-04;Remboursement de l'avance (article 72.III du code des marchés publics);TEXTE_LONG;SAISIE;AE;;CONTRAT_CADRE;avance = OUI;non;;;;;;oui
B08-FI-05;Avance versée au sous-traitant du titulaire;OUI_NON;SAISIE;AE;;CONTRAT_CADRE;;non;;;;;;oui
B08-FP-01;Présentation des demandes de paiement;TEXTE_LONG;SAISIE;AE;;CONTRAT_CADRE;;oui;;;;;;oui
B08-FP-02;Adresse de facturation (service responsable de la vérification des demandes de paiement);TEXTE_LONG;SAISIE;AE;;CONTRAT_CADRE;;oui;;;;;;oui
B08-FP-03;Délai de paiement (jours);NOMBRE;SAISIE;AE;;CONTRAT_CADRE;;oui;;DELAI_PAIEMENT_75:DELAI;;;;oui
B08-FP-04;Taux des intérêts moratoires (%, au moins un point);POURCENTAGE;SAISIE;AE;;CONTRAT_CADRE;;oui;;INTERETS_MORATOIRES_TAUX:TAUX;;;;oui
B08-FP-05;Règlement des prestations;TEXTE_LONG;SAISIE;AE;;CONTRAT_CADRE;;non;;;;;;oui
B08-FP-06;Nom et adresse de la banque;TEXTE;SAISIE;AE;;CONTRAT_CADRE;;oui;;;;;;oui
B08-FP-07;Titulaire du compte;TEXTE;SAISIE;AE;;CONTRAT_CADRE;;oui;;;;;;oui
B08-FP-08;Code banque, code guichet et numéro de compte;TEXTE;SAISIE;AE;;CONTRAT_CADRE;;oui;;;;;;oui
B08-FP-09;Clé du relevé d'identité bancaire (RIB);TEXTE;SAISIE;AE;;CONTRAT_CADRE;;oui;;;;;;oui
B09-EA-01;Modalités générales d'exécution communes aux marchés subséquents;OUI_NON;SAISIE;AE;;CONTRAT_CADRE;;oui;;;;;;oui
B09-EA-02;Contenu des modalités générales d'exécution communes;TEXTE_LONG;SAISIE;AE;;CONTRAT_CADRE;;non;;;;;;oui
B09-EA-03;Modalités particulières à fixer dans les marchés subséquents;TEXTE_LONG;SAISIE;AE;;CONTRAT_CADRE;;non;;;;;;oui
B09-VA-01;Vérification et admission des prestations;LISTE;SAISIE;AE;;CONTRAT_CADRE;;oui;;;Dispositions du CCAG applicables,Clause libre;;;oui
B09-VA-02;Clause libre de vérification et d'admission;TEXTE_LONG;SAISIE;AE;;CONTRAT_CADRE;;non;;;;;;oui
B09-GP-01;Garanties contractuelles particulières fournies par le titulaire;OUI_NON;SAISIE;AE;;CONTRAT_CADRE;;oui;;;;;;oui
B09-GP-02;Nature des garanties particulières;TEXTE_LONG;SAISIE;AE;;CONTRAT_CADRE;;non;;;;;;oui
B09-AU-01;Assurance exigée du titulaire;OUI_NON;SAISIE;AE;;CONTRAT_CADRE;;oui;;;;;;oui
B09-AU-02;Attestation d'assurance à justifier;TEXTE_LONG;SAISIE;AE;;CONTRAT_CADRE;;non;;;;;;oui
B09-AU-03;Délai de remise de l'attestation d'assurance (jours);NOMBRE;SAISIE;AE;;CONTRAT_CADRE;;non;;;;;;oui
B10-VR-01;Juridiction compétente pour les litiges nés du contrat-cadre;TEXTE;SAISIE;AE;;CONTRAT_CADRE;;oui;;;;;;oui
B10-MT-01;Changement de dénomination sociale du titulaire : service acheteur;TEXTE;SAISIE;AE;;CONTRAT_CADRE;;non;;;;;;oui
B10-MT-02;Changement de contractant en cours d'exécution : service acheteur;TEXTE;SAISIE;AE;;CONTRAT_CADRE;;non;;;;;;oui
B10-RS-01;Résiliation sans faute du contrat-cadre;TEXTE_LONG;SAISIE;AE;;CONTRAT_CADRE;;oui;;;;;;oui
